{"cameraMode":{"drawMode":0,"name":"Shaded","section":"Shading Mode"},"sceneLighting":false,"audioPlay":false,"sceneViewState":{"showFog":true,"showMaterialUpdate":true,"showSkybox":false,"showFlares":true,"showImageEffects":true,"showParticleSystems":true},"in2DMode":false,"pivot":{"x":371.9974670410156,"y":429.7066345214844,"z":45.4700927734375},"rotation":{"x":-0.0757765918970108,"y":0.8916855454444885,"z":-0.16254132986068726,"w":-0.4156542718410492},"size":84.50575256347656,"orthographic":false}